[{"filename":"Hand_Nerves_Unhealthy.png","data":{"addressu":"repeat","addressv":"repeat","minfilter":"linear_mip_linear","magfilter":"linear","anisotropy":1}},{"filename":"Std_Skin_Arm_Normal.png","data":{"addressu":"repeat","addressv":"repeat","minfilter":"linear_mip_linear","magfilter":"linear","anisotropy":1}},{"filename":"Std_Nails_Diffuse.jpg","data":{"addressu":"repeat","addressv":"repeat","minfilter":"linear_mip_linear","magfilter":"linear","anisotropy":1}},{"filename":"Std_Nails_Normal.png","data":{"addressu":"repeat","addressv":"repeat","minfilter":"linear_mip_linear","magfilter":"linear","anisotropy":1}}]