{"materialInfo":{"version":1,"textures":[],"materials":[{"name":"SpotsBorder","shader":"phong","parameters":[{"name":"ambient","type":"vec3","data":[0,0,0]},{"name":"diffuse","type":"vec3","data":[0.6208,0.6208,0.6208]},{"name":"specular","type":"vec3","data":[0,0,0]},{"name":"shininess","type":"float","data":0},{"name":"emissive","type":"vec3","data":[0,0,0]},{"name":"opacity","type":"float","data":1}]},{"name":"lambert1","shader":"phong","parameters":[{"name":"ambient","type":"vec3","data":[0,0,0]},{"name":"diffuse","type":"vec3","data":[0.4,0.4,0.4]},{"name":"specular","type":"vec3","data":[0,0,0]},{"name":"shininess","type":"float","data":0},{"name":"emissive","type":"vec3","data":[0,0,0]},{"name":"opacity","type":"float","data":1}]}],"mappings":[{"material":0},{"material":1}]}}