{"materialInfo":{"version":1,"textures":[],"materials":[{"name":"Beta_Body_MAT","shader":"phong","parameters":[{"name":"ambient","type":"vec3","data":[0,0,0]},{"name":"diffuse","type":"vec3","data":[0.371822,0.75123,0.9091]},{"name":"specular","type":"vec3","data":[0.28926,0.28926,0.28926]},{"name":"shininess","type":"float","data":40.6873},{"name":"emissive","type":"vec3","data":[0,0,0]},{"name":"opacity","type":"float","data":1}]},{"name":"Beta_Joints_MAT","shader":"phong","parameters":[{"name":"ambient","type":"vec3","data":[0,0,0]},{"name":"diffuse","type":"vec3","data":[0.046288,0.046288,0.046288]},{"name":"specular","type":"vec3","data":[0.15662,0.548481,0.764]},{"name":"shininess","type":"float","data":39.2903},{"name":"emissive","type":"vec3","data":[0,0,0]},{"name":"opacity","type":"float","data":1}]}],"mappings":[{"material":0},{"material":0},{"material":1}]}}