{"materialInfo":{"version":1,"textures":[{"name":"file164","uri":"Cut_Section_1.jpg","addressu":"repeat","addressv":"repeat","minfilter":"linear_mip_linear","magfilter":"linear","anisotropy":1}],"materials":[{"name":"Fascicle","shader":"phong","parameters":[{"name":"ambient","type":"vec3","data":[0,0,0]},{"name":"diffuse","type":"vec3","data":[0.8,0.8,0.8]},{"name":"diffuseMap","type":"texture","data":0},{"name":"diffuseMapOffset","type":"vec2","data":[0,0]},{"name":"diffuseMapTiling","type":"vec2","data":[1,1]},{"name":"diffuseMapRotation","type":"vec3","data":[0,0,0]},{"name":"specular","type":"vec3","data":[0,0,0]},{"name":"shininess","type":"float","data":0},{"name":"emissive","type":"vec3","data":[0,0,0]},{"name":"opacity","type":"float","data":1}]},{"name":"Nerves_Cut","shader":"phong","parameters":[{"name":"ambient","type":"vec3","data":[0,0,0]},{"name":"diffuse","type":"vec3","data":[0.8,0.639905,0.4112]},{"name":"specular","type":"vec3","data":[0,0,0]},{"name":"shininess","type":"float","data":42.6744},{"name":"emissive","type":"vec3","data":[0,0,0]},{"name":"opacity","type":"float","data":1}]},{"name":"pasted__Nerve2","shader":"phong","parameters":[{"name":"ambient","type":"vec3","data":[0,0,0]},{"name":"diffuse","type":"vec3","data":[0.8,0.8,0.8]},{"name":"specular","type":"vec3","data":[1,1,1]},{"name":"shininess","type":"float","data":9.09091},{"name":"emissive","type":"vec3","data":[0,0,0]},{"name":"opacity","type":"float","data":1}]},{"name":"pasted__Myelin2","shader":"phong","parameters":[{"name":"ambient","type":"vec3","data":[0,0,0]},{"name":"diffuse","type":"vec3","data":[0.8,0.721121,0.632]},{"name":"specular","type":"vec3","data":[0.1875,0.1875,0.1875]},{"name":"shininess","type":"float","data":39.2903},{"name":"emissive","type":"vec3","data":[0,0,0]},{"name":"opacity","type":"float","data":0.75}]}],"mappings":[{"material":0},{"material":1},{"material":1},{"material":2},{"material":3}]}}