{"materialInfo":{"version":1,"textures":[{"name":"Std_Skin_Arm_Diffuse","uri":"Hand_Nerves.jpg","addressu":"repeat","addressv":"repeat","minfilter":"linear_mip_linear","magfilter":"linear","anisotropy":1},{"name":"Std_Skin_Arm_Normal","uri":"Std_Skin_Arm_Normal.png","addressu":"repeat","addressv":"repeat","minfilter":"linear_mip_linear","magfilter":"linear","anisotropy":1},{"name":"Std_Nails_Diffuse","uri":"Std_Nails_Diffuse.jpg","addressu":"repeat","addressv":"repeat","minfilter":"linear_mip_linear","magfilter":"linear","anisotropy":1},{"name":"Std_Nails_Normal","uri":"Std_Nails_Normal.png","addressu":"repeat","addressv":"repeat","minfilter":"linear_mip_linear","magfilter":"linear","anisotropy":1}],"materials":[{"name":"Std_Skin_Arm","shader":"phong","parameters":[{"name":"ambient","type":"vec3","data":[0.490196,0.490196,0.490196]},{"name":"diffuse","type":"vec3","data":[1,1,1]},{"name":"diffuseMap","type":"texture","data":0},{"name":"diffuseMapOffset","type":"vec2","data":[0,0]},{"name":"diffuseMapTiling","type":"vec2","data":[1,1]},{"name":"diffuseMapRotation","type":"vec3","data":[0,0,0]},{"name":"specular","type":"vec3","data":[0.04375,0.04375,0.04375]},{"name":"shininess","type":"float","data":30.1993},{"name":"emissive","type":"vec3","data":[0,0,0]},{"name":"normalMap","type":"texture","data":1},{"name":"normalMapOffset","type":"vec2","data":[0,0]},{"name":"normalMapTiling","type":"vec2","data":[1,1]},{"name":"normalMapRotation","type":"vec3","data":[0,0,0]},{"name":"bumpMapFactor","type":"float","data":1},{"name":"opacity","type":"float","data":1}]},{"name":"Std_Nails","shader":"phong","parameters":[{"name":"ambient","type":"vec3","data":[0.490196,0.490196,0.490196]},{"name":"diffuse","type":"vec3","data":[1,1,1]},{"name":"diffuseMap","type":"texture","data":2},{"name":"diffuseMapOffset","type":"vec2","data":[0,0]},{"name":"diffuseMapTiling","type":"vec2","data":[1,1]},{"name":"diffuseMapRotation","type":"vec3","data":[0,0,0]},{"name":"specular","type":"vec3","data":[0.2694,0.2694,0.2694]},{"name":"shininess","type":"float","data":39.2903},{"name":"emissive","type":"vec3","data":[0,0,0]},{"name":"normalMap","type":"texture","data":3},{"name":"normalMapOffset","type":"vec2","data":[0,0]},{"name":"normalMapTiling","type":"vec2","data":[1,1]},{"name":"normalMapRotation","type":"vec3","data":[0,0,0]},{"name":"bumpMapFactor","type":"float","data":1},{"name":"opacity","type":"float","data":1}]}],"mappings":[{"material":0},{"material":1}]}}