{
	"scene": {
		"version": 1,
		"assets": {
			"renders": {
				"Cylinder": {
					"index": 0,
					"meshCount": 1,
					"skinned": false
				}
			},
			"materials": [

			]
		},
		"entities": {
			"0": {
				"name": "RootNode",
				"parent": -1,
				"position": [
					0,
					0,
					0
				],
				"rotation": [
					0,
					0,
					0
				],
				"scale": [
					0.01,
					0.01,
					0.01
				],
				"scaleCompensation": false,
				"children": [
					1
				]
			},
			"1": {
				"name": "pill",
				"parent": 0,
				"position": [
					0,
					0,
					0
				],
				"rotation": [
					-90,
					0,
					0
				],
				"scale": [
					100,
					100,
					100
				],
				"scaleCompensation": false,
				"children": [

				],
				"components": {
					"render": {
						"id": "Cylinder",
						"materials": [
							"Untitled"
						]
					}
				}
			}
		}
	}
}