{"materialInfo":{"version":1,"textures":[{"name":"male_skin_Asian_file1","uri":"Male_Asian_Body.jpg","addressu":"repeat","addressv":"repeat","minfilter":"linear_mip_linear","magfilter":"linear","anisotropy":1}],"materials":[{"name":"male_skin_Asian_body_mat","shader":"phong","parameters":[{"name":"ambient","type":"vec3","data":[0,0,0]},{"name":"diffuse","type":"vec3","data":[0.8,0.8,0.8]},{"name":"diffuseMap","type":"texture","data":0},{"name":"diffuseMapOffset","type":"vec2","data":[0,0]},{"name":"diffuseMapTiling","type":"vec2","data":[1,1]},{"name":"diffuseMapRotation","type":"vec3","data":[0,0,0]},{"name":"specular","type":"vec3","data":[0.2,0.2,0.2]},{"name":"shininess","type":"float","data":35.3635},{"name":"emissive","type":"vec3","data":[0,0,0]},{"name":"opacity","type":"float","data":1}]},{"name":"Nerves_mat","shader":"phong","parameters":[{"name":"ambient","type":"vec3","data":[0,0,0]},{"name":"diffuse","type":"vec3","data":[0.8,0.639905,0.4112]},{"name":"specular","type":"vec3","data":[0,0,0]},{"name":"shininess","type":"float","data":39.2903},{"name":"emissive","type":"vec3","data":[0,0,0]},{"name":"opacity","type":"float","data":0.347368}]}],"mappings":[{"material":0},{"material":1},{"material":1},{"material":1},{"material":1},{"material":1},{"material":1},{"material":1},{"material":1}]}}