{"materialInfo":{"version":1,"textures":[],"materials":[{"name":"Nerve","shader":"phong","parameters":[{"name":"ambient","type":"vec3","data":[0,0,0]},{"name":"diffuse","type":"vec3","data":[0.8,0.8,0.8]},{"name":"specular","type":"vec3","data":[1,1,1]},{"name":"shininess","type":"float","data":9.09091},{"name":"emissive","type":"vec3","data":[0,0,0]},{"name":"opacity","type":"float","data":1}]},{"name":"Myelin","shader":"phong","parameters":[{"name":"ambient","type":"vec3","data":[0,0,0]},{"name":"diffuse","type":"vec3","data":[0.8,0.721121,0.632]},{"name":"specular","type":"vec3","data":[0.1875,0.1875,0.1875]},{"name":"shininess","type":"float","data":39.2903},{"name":"emissive","type":"vec3","data":[0,0,0]},{"name":"opacity","type":"float","data":0.75}]}],"mappings":[{"material":0},{"material":1},{"material":1},{"material":1},{"material":1}]}}